Workbook

Sheet Catalogo_Productos
A1: BASE DE DATOS — CATÁLOGO DE PRODUCTOS — ADMIN CARIBE S.A.S.
A2: COD_PRODUCTO | B2: NOMBRE_PRODUCTO | C2: CATEGORIA | D2: PRECIO_UNIT | E2: STOCK | F2: PROVEEDOR
A3: P001 | B3: Resma de Papel Carta | C3: Papelería | D3: 18500 | E3: 150 | F3: Papelería Sur
A4: P002 | B4: Bolígrafo Azul x12 | C4: Papelería | D4: 12000 | E4: 300 | F4: Distribuidora Norte
A5: P003 | B5: Carpeta AZ Oficio | C5: Archivos | D5: 8500 | E5: 200 | F5: Papelería Sur
A6: P004 | B6: Tóner HP LaserJet | C6: Tecnología | D6: 185000 | E6: 40 | F6: Tech Soluciones
A7: P005 | B7: Memoria USB 32GB | C7: Tecnología | D7: 35000 | E7: 80 | F7: Tech Soluciones
A8: P006 | B8: Sello Automático | C8: Oficina | D8: 45000 | E8: 25 | F8: Distribuidora Norte
A9: P007 | B9: Folder Manila x50 | C9: Papelería | D9: 22000 | E9: 120 | F9: Papelería Sur
A10: P008 | B10: Calculadora Científica | C10: Oficina | D10: 95000 | E10: 30 | F10: Tech Soluciones
A11: P009 | B11: Resaltador x5 colores | C11: Papelería | D11: 9500 | E11: 250 | F11: Distribuidora Norte
A12: P010 | B12: Block Cuadriculado | C12: Papelería | D12: 5500 | E12: 400 | F12: Papelería Sur
A13: P011 | B13: Tijeras Oficina | C13: Herramientas | D13: 12500 | E13: 60 | F13: Distribuidora Norte
A14: P012 | B14: Grapadora Metálica | C14: Herramientas | D14: 38000 | E14: 45 | F14: Papelería Sur
... A17: P015 | B17: Archivador Vertical | C17: Archivos | D17: 125000 | E17: 20 | F17: Muebles Caribe

Sheet Facturas_Ventas
A1: REGISTRO DE VENTAS — PRÁCTICA BUSCARV
A2: NRO_FACTURA | B2: FECHA | C2: COD_PRODUCTO | D2: NOMBRE_PRODUCTO | E2: CANT | F2: PRECIO_UNIT | G2: TOTAL
A3: F-2025-001 | B3: 2025-01-05 | C3: P001 | D3: =IFERROR(BUSCARV(C3,Catalogo_Productos!$A:$B,2,0),"No encontrado") | E3: 2 | F3: =IFERROR(BUSCARV(C3,Catalogo_Productos!$A:$D,4,0),0) | G3: =E3*F3
A4: F-2025-002 | B4: 2025-01-08 | C4: P004 | D4: =IFERROR(BUSCARV(C4,Catalogo_Productos!$A:$B,2,0),"No encontrado") | E4: 7 | F4: =IFERROR(BUSCARV(C4,Catalogo_Productos!$A:$D,4,0),0) | G4: =E4*F4
A5: F-2025-003 | B5: 2025-01-10 | C5: P002 | D5: =IFERROR(BUSCARV(C5,Catalogo_Productos!$A:$B,2,0),"No encontrado") | E5: 7 | F5: =IFERROR(BUSCARV(C5,Catalogo_Productos!$A:$D,4,0),0) | G5: =E5*F5
A6: F-2025-004 | B6: 2025-01-15 | C6: P007 | D6: =IFERROR(BUSCARV(C6,Catalogo_Productos!$A:$B,2,0),"No encontrado") | E6: 2 | F6: =IFERROR(BUSCARV(C6,Catalogo_Productos!$A:$D,4,0),0) | G6: =E6*F6
A7: F-2025-005 | B7: 2025-01-18 | C7: P009 | D7: =IFERROR(BUSCARV(C7,Catalogo_Productos!$A:$B,2,0),"No encontrado") | E7: 5 | F7: =IFERROR(BUSCARV(C7,Catalogo_Productos!$A:$D,4,0),0) | G7: =E7*F7
A8: F-2025-006 | B8: 2025-01-22 | C8: P005 | D8: =IFERROR(BUSCARV(C8,Catalogo_Productos!$A:$B,2,0),"No encontrado") | E8: 3 | F8: =IFERROR(BUSCARV(C8,Catalogo_Productos!$A:$D,4,0),0) | G8: =E8*F8
A9: F-2025-007 | B9: 2025-01-25 | C9: P012 | D9: =IFERROR(BUSCARV(C9,Catalogo_Productos!$A:$B,2,0),"No encontrado") | E9: 7 | F9: =IFERROR(BUSCARV(C9,Catalogo_Productos!$A:$D,4,0),0) | G9: =E9*F9
A10: F-2025-008 | B10: 2025-02-01 | C10: P003 | D10: =IFERROR(BUSCARV(C10,Catalogo_Productos!$A:$B,2,0),"No encontrado") | E10: 2 | F10: =IFERROR(BUSCARV(C10,Catalogo_Productos!$A:$D,4,0),0) | G10: =E10*F10
A11: F-2025-009 | B11: 2025-02-05 | C11: P008 | D11: =IFERROR(BUSCARV(C11,Catalogo_Productos!$A:$B,2,0),"No encontrado") | E11: 4 | F11: =IFERROR(BUSCARV(C11,Catalogo_Productos!$A:$D,4,0),0) | G11: =E11*F11
A12: F-2025-010 | B12: 2025-02-10 | C12: P010 | D12: =IFERROR(BUSCARV(C12,Catalogo_Productos!$A:$B,2,0),"No encontrado") | E12: 5 | F12: =IFERROR(BUSCARV(C12,Catalogo_Productos!$A:$D,4,0),0) | G12: =E12*F12
F14: TOTAL VENTAS: | G14: =SUM(G3:G13)

Sheet GUIA_ACTIVIDAD
A1: ACTIVIDAD PRÁCTICA — DÍA 1: BUSCARV y BUSCARH
A3: OBJETIVO:
A4: Usar BUSCARV para traer automáticamente datos del catálogo a la hoja de facturas.
A6: PASOS:
A7: 1. Ve a la hoja "Facturas_Ventas"
A8: 2. En la columna D (Nombre_Producto), la fórmula ya está puesta como ejemplo en D3.
A9: Revísala: =IFERROR(BUSCARV(C3,Catalogo_Productos!$A:$B,2,0),"No encontrado")
A10: 3. En la columna F (Precio_Unit), la fórmula busca en la columna 4 del catálogo.
A11: 4. Verifica que los totales (columna G) calculen correctamente.
A13: RETO ADICIONAL (si terminas rápido):
A14: - Crea una hoja "BUSCARH_Prueba" con la tabla de precios en horizontal (por fila)
A15: - Usa BUSCARH para buscar el precio de un producto por su código
... A20: Guarda como: Actividad_D1_TuNombre.xlsx
